<?xml version="1.0" encoding="UTF-8"?>
<gresources>
    <gresource prefix='/org/gnome/Cheese'>
        <file>cheese.css</file>
        <file>cheese-viewport.json</file>
        <file preprocess="xml-stripblanks">cheese-main-window.ui</file>
        <file preprocess="xml-stripblanks">cheese-prefs.ui</file>
        <file preprocess="xml-stripblanks">headerbar.ui</file>
        <file>pixmaps/cheese-1.svg</file>
        <file>pixmaps/cheese-2.svg</file>
        <file>pixmaps/cheese-3.svg</file>
        <file preprocess="to-pixdata">pixmaps/thumbnail-frame.png</file>
    </gresource>
    <gresource prefix='/org/gnome/Cheese/gtk'>
        <file preprocess="xml-stripblanks">menus.ui</file>
    </gresource>
</gresources>

